[
  {
    "id": "eac9d62f-5b83-44b9-8dfb-bb3bfd5ce1ca",
    "data": [
      {
        "text": "holi",
        "userDefined": false
      }
    ],
    "isTemplate": false,
    "count": 1,
    "lang": "es",
    "updated": 0
  },
  {
    "id": "6ea62516-1a38-4429-9748-5da21db5f4a3",
    "data": [
      {
        "text": "buenas noches",
        "userDefined": false
      }
    ],
    "isTemplate": false,
    "count": 0,
    "lang": "es",
    "updated": 0
  },
  {
    "id": "c27ce356-21b9-4a57-89fe-0b3b5144a4ae",
    "data": [
      {
        "text": "buenas tardes",
        "userDefined": false
      }
    ],
    "isTemplate": false,
    "count": 0,
    "lang": "es",
    "updated": 0
  },
  {
    "id": "3f1c35a1-ebd9-4202-b8d3-2e4df6b77b91",
    "data": [
      {
        "text": "buenos dias",
        "userDefined": false
      }
    ],
    "isTemplate": false,
    "count": 0,
    "lang": "es",
    "updated": 0
  },
  {
    "id": "cff58953-aad2-4cec-be69-b1232350dcf0",
    "data": [
      {
        "text": "hola ",
        "userDefined": false
      },
      {
        "text": "buenas noches",
        "userDefined": false
      }
    ],
    "isTemplate": false,
    "count": 0,
    "lang": "es",
    "updated": 0
  },
  {
    "id": "6e8925bc-ab90-4eab-8cde-e8b4f9d20e18",
    "data": [
      {
        "text": "hola ",
        "userDefined": false
      },
      {
        "text": "buenas tardes",
        "userDefined": false
      }
    ],
    "isTemplate": false,
    "count": 0,
    "lang": "es",
    "updated": 0
  },
  {
    "id": "8c30dcea-e091-40e5-9f55-1e0e04c18cf7",
    "data": [
      {
        "text": "hola buenos dias",
        "userDefined": false
      }
    ],
    "isTemplate": false,
    "count": 0,
    "lang": "es",
    "updated": 0
  },
  {
    "id": "b3bd8c90-55e8-40b9-8eee-a2abe6d1e040",
    "data": [
      {
        "text": "buenas",
        "userDefined": false
      }
    ],
    "isTemplate": false,
    "count": 0,
    "lang": "es",
    "updated": 0
  },
  {
    "id": "42506ddc-912e-41ec-98bd-293b675d32a7",
    "data": [
      {
        "text": "saludos",
        "userDefined": false
      }
    ],
    "isTemplate": false,
    "count": 0,
    "lang": "es",
    "updated": 0
  },
  {
    "id": "017bf399-d364-42e9-a43c-282617634229",
    "data": [
      {
        "text": "hey",
        "userDefined": false
      }
    ],
    "isTemplate": false,
    "count": 0,
    "lang": "es",
    "updated": 0
  },
  {
    "id": "20473905-c151-4870-8644-3ff96f97dfc2",
    "data": [
      {
        "text": "Ayuda",
        "userDefined": false
      }
    ],
    "isTemplate": false,
    "count": 0,
    "lang": "es",
    "updated": 0
  },
  {
    "id": "02b35fff-f7ed-4a86-91b6-bb07489239cd",
    "data": [
      {
        "text": "hola",
        "userDefined": false
      }
    ],
    "isTemplate": false,
    "count": 1,
    "lang": "es",
    "updated": 0
  }
]