[
  {
    "id": "8d35e633-9df4-4fe9-a49c-4cef14470a33",
    "data": [
      {
        "text": "Siento ",
        "userDefined": false
      },
      {
        "text": "un",
        "userDefined": false
      },
      {
        "text": " ",
        "userDefined": false
      },
      {
        "text": "dolor",
        "meta": "@Sintomas",
        "alias": "sintomas",
        "userDefined": false
      },
      {
        "text": " ",
        "userDefined": false
      },
      {
        "text": "en",
        "userDefined": false
      },
      {
        "text": " ",
        "userDefined": false
      },
      {
        "text": "mi",
        "meta": "@Yo",
        "alias": "yo",
        "userDefined": false
      },
      {
        "text": " respiracion",
        "userDefined": false
      }
    ],
    "isTemplate": false,
    "count": 0,
    "lang": "es",
    "updated": 0
  },
  {
    "id": "bdf81b1c-b5c0-43de-990b-9b44d5eedb1a",
    "data": [
      {
        "text": "Me",
        "meta": "@Yo",
        "alias": "yo",
        "userDefined": false
      },
      {
        "text": " ",
        "userDefined": false
      },
      {
        "text": "duele",
        "meta": "@Sintomas",
        "alias": "sintomas",
        "userDefined": false
      },
      {
        "text": " ",
        "userDefined": false
      },
      {
        "text": "mi",
        "meta": "@Yo",
        "alias": "yo",
        "userDefined": false
      },
      {
        "text": " pecho",
        "userDefined": false
      }
    ],
    "isTemplate": false,
    "count": 0,
    "lang": "es",
    "updated": 0
  },
  {
    "id": "baa137bf-ba96-4a16-8824-c268a6b00ae3",
    "data": [
      {
        "text": "siento",
        "userDefined": true
      },
      {
        "text": " ",
        "userDefined": false
      },
      {
        "text": "un",
        "userDefined": false
      },
      {
        "text": " ",
        "userDefined": false
      },
      {
        "text": "dolor",
        "meta": "@Sintomas",
        "alias": "sintomas",
        "userDefined": false
      }
    ],
    "isTemplate": false,
    "count": 0,
    "lang": "es",
    "updated": 0
  },
  {
    "id": "eef508ed-0db3-436b-afc0-a5680320d485",
    "data": [
      {
        "text": "Me",
        "meta": "@Yo",
        "alias": "yo",
        "userDefined": false
      },
      {
        "text": " siento ",
        "userDefined": false
      },
      {
        "text": "mal",
        "meta": "@Sintomas",
        "alias": "sintomas",
        "userDefined": false
      }
    ],
    "isTemplate": false,
    "count": 0,
    "lang": "es",
    "updated": 0
  }
]