[
  {
    "id": "50884206-d89b-4569-bde2-e1b481358fd3",
    "data": [
      {
        "text": "Esta el gerente ",
        "userDefined": false
      },
      {
        "text": "carlos",
        "meta": "@sys.given-name",
        "alias": "given-name",
        "userDefined": false
      },
      {
        "text": " disponible?",
        "userDefined": false
      }
    ],
    "isTemplate": false,
    "count": 0,
    "lang": "es",
    "updated": 0
  },
  {
    "id": "22b392eb-7851-4d7e-bb81-5440806b7a36",
    "data": [
      {
        "text": "Paseme con el gerente ",
        "userDefined": false
      },
      {
        "text": "Carlos",
        "meta": "@sys.given-name",
        "alias": "given-name",
        "userDefined": true
      }
    ],
    "isTemplate": false,
    "count": 0,
    "lang": "es",
    "updated": 0
  },
  {
    "id": "c8f52fb9-f873-4194-961b-e33bad7a3250",
    "data": [
      {
        "text": "Quisiera hablar con la ",
        "userDefined": false
      },
      {
        "text": "Dra",
        "meta": "@Medico",
        "alias": "medico",
        "userDefined": false
      },
      {
        "text": " ",
        "userDefined": false
      },
      {
        "text": "cecilia",
        "meta": "@sys.given-name",
        "alias": "given-name",
        "userDefined": false
      }
    ],
    "isTemplate": false,
    "count": 0,
    "lang": "es",
    "updated": 0
  },
  {
    "id": "deadefe2-d6bf-41dc-936e-5adaf191e676",
    "data": [
      {
        "text": "Le habla el ",
        "userDefined": false
      },
      {
        "text": "doctor",
        "meta": "@Medico",
        "alias": "medico",
        "userDefined": false
      },
      {
        "text": " ",
        "userDefined": false
      },
      {
        "text": "Eduardo",
        "meta": "@sys.given-name",
        "alias": "given-name1",
        "userDefined": true
      },
      {
        "text": ", Comuniqueme con la ",
        "userDefined": false
      },
      {
        "text": "doctora",
        "meta": "@Medico",
        "alias": "medico",
        "userDefined": false
      },
      {
        "text": " ",
        "userDefined": false
      },
      {
        "text": "cecilia",
        "meta": "@sys.given-name",
        "alias": "given-name",
        "userDefined": true
      }
    ],
    "isTemplate": false,
    "count": 0,
    "lang": "es",
    "updated": 0
  },
  {
    "id": "3347f356-b207-494d-b49e-0401596014a2",
    "data": [
      {
        "text": "Esta la ",
        "userDefined": false
      },
      {
        "text": "doctora",
        "meta": "@Medico",
        "alias": "medico",
        "userDefined": true
      },
      {
        "text": " ",
        "userDefined": false
      },
      {
        "text": "maria",
        "meta": "@sys.given-name",
        "alias": "given-name",
        "userDefined": true
      },
      {
        "text": " disponible?",
        "userDefined": false
      }
    ],
    "isTemplate": false,
    "count": 0,
    "lang": "es",
    "updated": 0
  },
  {
    "id": "bcdb9e27-2d8c-4579-88d4-0b845fdbf660",
    "data": [
      {
        "text": "Quisiera hablar con el ",
        "userDefined": false
      },
      {
        "text": "doctor",
        "meta": "@Medico",
        "alias": "medico",
        "userDefined": false
      },
      {
        "text": " ",
        "userDefined": false
      },
      {
        "text": "carlos",
        "meta": "@sys.given-name",
        "alias": "given-name",
        "userDefined": false
      }
    ],
    "isTemplate": false,
    "count": 0,
    "lang": "es",
    "updated": 0
  }
]