[
  {
    "id": "770e3577-d014-4f91-82d9-8275daa9d78e",
    "data": [
      {
        "text": "Cardiologo",
        "meta": "@Especialista",
        "alias": "especialista",
        "userDefined": true
      },
      {
        "text": " Hay?",
        "userDefined": false
      }
    ],
    "isTemplate": false,
    "count": 0,
    "lang": "es",
    "updated": 0
  },
  {
    "id": "c4404b71-2e4c-4aac-9586-438825ffa220",
    "data": [
      {
        "text": "Busco",
        "userDefined": false
      },
      {
        "text": " un ",
        "userDefined": false
      },
      {
        "text": "cardiologo",
        "meta": "@Especialista",
        "alias": "especialista",
        "userDefined": false
      }
    ],
    "isTemplate": false,
    "count": 0,
    "lang": "es",
    "updated": 0
  },
  {
    "id": "89414c5c-33d9-48b6-b9b9-d2a6afdc42af",
    "data": [
      {
        "text": "Tienen algun ",
        "userDefined": false
      },
      {
        "text": "pediatra",
        "meta": "@Especialista",
        "alias": "especialista",
        "userDefined": false
      },
      {
        "text": " disponible?",
        "userDefined": false
      }
    ],
    "isTemplate": false,
    "count": 0,
    "lang": "es",
    "updated": 0
  },
  {
    "id": "fb8425b6-4de5-4b33-b109-36c73b96487b",
    "data": [
      {
        "text": "tuviera la ",
        "userDefined": false
      },
      {
        "text": "especialidad de",
        "userDefined": false
      },
      {
        "text": " ",
        "userDefined": false
      },
      {
        "text": "ginecologia",
        "meta": "@Especialista",
        "alias": "especialista",
        "userDefined": false
      },
      {
        "text": "?",
        "userDefined": false
      }
    ],
    "isTemplate": false,
    "count": 0,
    "lang": "es",
    "updated": 0
  },
  {
    "id": "258fc0d2-537b-46dc-a349-3e50286bcc85",
    "data": [
      {
        "text": "Quisiera saber si tienen ",
        "userDefined": false
      },
      {
        "text": "la",
        "userDefined": false
      },
      {
        "text": " ",
        "userDefined": false
      },
      {
        "text": "especialidad de",
        "userDefined": false
      },
      {
        "text": " ",
        "userDefined": false
      },
      {
        "text": "cardiologia",
        "meta": "@Especialista",
        "alias": "especialista",
        "userDefined": false
      },
      {
        "text": " disponible",
        "userDefined": false
      }
    ],
    "isTemplate": false,
    "count": 0,
    "lang": "es",
    "updated": 0
  }
]