[
  {
    "id": "bec3046a-1ad8-4794-8b59-2f5da50807ba",
    "data": [
      {
        "text": "Esta el ",
        "userDefined": false
      },
      {
        "text": "urologo",
        "meta": "@Especialista",
        "alias": "especialista",
        "userDefined": false
      },
      {
        "text": " atendiendo?",
        "userDefined": false
      }
    ],
    "isTemplate": false,
    "count": 0,
    "lang": "es",
    "updated": 0
  },
  {
    "id": "e2fc1905-2dee-4c58-a55a-4159d36a6f3b",
    "data": [
      {
        "text": "esta atendiendo el ",
        "userDefined": false
      },
      {
        "text": "doctor",
        "meta": "@Medico",
        "alias": "medico",
        "userDefined": false
      },
      {
        "text": " encargado de ",
        "userDefined": false
      },
      {
        "text": "cardiologia",
        "meta": "@Especialista",
        "alias": "especialista",
        "userDefined": false
      },
      {
        "text": "?",
        "userDefined": false
      }
    ],
    "isTemplate": false,
    "count": 0,
    "lang": "es",
    "updated": 0
  },
  {
    "id": "0f8d04f4-c243-45e1-be17-932d38a33216",
    "data": [
      {
        "text": "Esta atendiendo el ",
        "userDefined": false
      },
      {
        "text": "cardiologo",
        "meta": "@Especialista",
        "alias": "especialista",
        "userDefined": false
      },
      {
        "text": "?",
        "userDefined": false
      }
    ],
    "isTemplate": false,
    "count": 0,
    "lang": "es",
    "updated": 0
  }
]