[
  {
    "id": "b4266b93-6178-4cb2-b792-9d8eb9796005",
    "data": [
      {
        "text": "Quiero saber el ",
        "userDefined": false
      },
      {
        "text": "precio",
        "meta": "@Precio",
        "alias": "precio",
        "userDefined": false
      },
      {
        "text": " ",
        "userDefined": false
      },
      {
        "text": "de un especialista en coronavirus",
        "meta": "@Especialista-covid",
        "alias": "especialista-covid",
        "userDefined": false
      }
    ],
    "isTemplate": false,
    "count": 0,
    "lang": "es",
    "updated": 0
  },
  {
    "id": "3e2147ab-1764-43f3-9bc0-6c4e7bd29772",
    "data": [
      {
        "text": "Cuanto",
        "meta": "@Precio",
        "alias": "precio",
        "userDefined": false
      },
      {
        "text": " ",
        "userDefined": false
      },
      {
        "text": "cuesta",
        "meta": "@Precio",
        "alias": "precio",
        "userDefined": false
      },
      {
        "text": " ",
        "userDefined": false
      },
      {
        "text": "una",
        "userDefined": false
      },
      {
        "text": " ",
        "userDefined": false
      },
      {
        "text": "consulta",
        "meta": "@Reserva",
        "alias": "reserva",
        "userDefined": false
      },
      {
        "text": " con ",
        "userDefined": false
      },
      {
        "text": "un",
        "userDefined": false
      },
      {
        "text": " ",
        "userDefined": false
      },
      {
        "text": "especialista de coronavirus",
        "meta": "@Especialista-covid",
        "alias": "especialista-covid",
        "userDefined": false
      }
    ],
    "isTemplate": false,
    "count": 0,
    "lang": "es",
    "updated": 0
  },
  {
    "id": "02a1156b-e7a4-4ae9-9c2c-f9210d194171",
    "data": [
      {
        "text": "Precio",
        "meta": "@Precio",
        "alias": "precio",
        "userDefined": false
      },
      {
        "text": " ",
        "userDefined": false
      },
      {
        "text": "de un especialista en covid",
        "meta": "@Especialista-covid",
        "alias": "especialista-covid",
        "userDefined": false
      },
      {
        "text": "?",
        "userDefined": false
      }
    ],
    "isTemplate": false,
    "count": 0,
    "lang": "es",
    "updated": 0
  },
  {
    "id": "e52c34ea-a0db-4490-a3c2-5fa09a6df5a1",
    "data": [
      {
        "text": "Precio",
        "meta": "@Precio",
        "alias": "precio",
        "userDefined": false
      },
      {
        "text": " ",
        "userDefined": false
      },
      {
        "text": "cardiologo",
        "meta": "@Especialista",
        "alias": "especialista",
        "userDefined": false
      },
      {
        "text": "?",
        "userDefined": false
      }
    ],
    "isTemplate": false,
    "count": 0,
    "lang": "es",
    "updated": 0
  },
  {
    "id": "e06d4fd9-5027-431f-8d21-9670c8bdcf52",
    "data": [
      {
        "text": "Precio",
        "meta": "@Precio",
        "alias": "precio",
        "userDefined": false
      },
      {
        "text": " de la ",
        "userDefined": false
      },
      {
        "text": "consulta",
        "meta": "@Reserva",
        "alias": "reserva",
        "userDefined": false
      },
      {
        "text": " con el ",
        "userDefined": false
      },
      {
        "text": "ginecologo",
        "meta": "@Especialista",
        "alias": "especialista",
        "userDefined": false
      },
      {
        "text": "?",
        "userDefined": false
      }
    ],
    "isTemplate": false,
    "count": 0,
    "lang": "es",
    "updated": 0
  },
  {
    "id": "b2e5cfc4-69a5-4ebd-9b46-ddd07bd8ffd5",
    "data": [
      {
        "text": "Quisiera saber ",
        "userDefined": false
      },
      {
        "text": "cuanto",
        "meta": "@Precio",
        "alias": "precio",
        "userDefined": true
      },
      {
        "text": " ",
        "userDefined": false
      },
      {
        "text": "cuesta",
        "meta": "@Precio",
        "alias": "precio",
        "userDefined": true
      },
      {
        "text": " la ",
        "userDefined": false
      },
      {
        "text": "especialidad de",
        "userDefined": false
      },
      {
        "text": " ",
        "userDefined": false
      },
      {
        "text": "cardiologia",
        "meta": "@Especialista",
        "alias": "especialista",
        "userDefined": false
      }
    ],
    "isTemplate": false,
    "count": 0,
    "lang": "es",
    "updated": 0
  }
]