[
  {
    "id": "d45451c7-3df0-411e-bd77-cc7c773720ba",
    "data": [
      {
        "text": "Tuviera",
        "userDefined": false
      },
      {
        "text": " para el ",
        "userDefined": false
      },
      {
        "text": "3 de julio",
        "meta": "@sys.date",
        "alias": "date",
        "userDefined": true
      },
      {
        "text": " algun ",
        "userDefined": false
      },
      {
        "text": "espacio",
        "meta": "@EspacioCampoHueco",
        "alias": "EspacioCampoHueco",
        "userDefined": false
      },
      {
        "text": " para el ",
        "userDefined": false
      },
      {
        "text": "cardiologo",
        "meta": "@Especialista",
        "alias": "especialista",
        "userDefined": false
      },
      {
        "text": "?",
        "userDefined": false
      }
    ],
    "isTemplate": false,
    "count": 0,
    "lang": "es",
    "updated": 0
  },
  {
    "id": "75893110-4e6d-48ca-8552-e29923e2208d",
    "data": [
      {
        "text": "tuviera algun ",
        "userDefined": false
      },
      {
        "text": "espacio",
        "meta": "@EspacioCampoHueco",
        "alias": "EspacioCampoHueco",
        "userDefined": false
      },
      {
        "text": " para el ",
        "userDefined": false
      },
      {
        "text": "urologo",
        "meta": "@Especialista",
        "alias": "especialista",
        "userDefined": false
      },
      {
        "text": " para ",
        "userDefined": false
      },
      {
        "text": "hoy",
        "meta": "@sys.date",
        "alias": "date",
        "userDefined": true
      },
      {
        "text": "?",
        "userDefined": false
      }
    ],
    "isTemplate": false,
    "count": 0,
    "lang": "es",
    "updated": 0
  },
  {
    "id": "ee9c09f2-64c2-46bc-8a52-d911055c8c61",
    "data": [
      {
        "text": "Tuviera ",
        "userDefined": false
      },
      {
        "text": "un",
        "userDefined": false
      },
      {
        "text": " ",
        "userDefined": false
      },
      {
        "text": "hueco",
        "meta": "@EspacioCampoHueco",
        "alias": "EspacioCampoHueco",
        "userDefined": false
      },
      {
        "text": " disponible para un ",
        "userDefined": false
      },
      {
        "text": "cardiologo",
        "meta": "@Especialista",
        "alias": "especialista",
        "userDefined": false
      },
      {
        "text": "?",
        "userDefined": false
      }
    ],
    "isTemplate": false,
    "count": 0,
    "lang": "es",
    "updated": 0
  },
  {
    "id": "11f34216-e40a-460e-a024-82f850fbaf18",
    "data": [
      {
        "text": "Tiene ",
        "userDefined": false
      },
      {
        "text": "espacio",
        "meta": "@EspacioCampoHueco",
        "alias": "EspacioCampoHueco",
        "userDefined": true
      },
      {
        "text": " ",
        "userDefined": false
      },
      {
        "text": "para",
        "userDefined": false
      },
      {
        "text": " ",
        "userDefined": false
      },
      {
        "text": "una",
        "userDefined": false
      },
      {
        "text": " ",
        "userDefined": false
      },
      {
        "text": "consulta",
        "meta": "@Reserva",
        "alias": "reserva",
        "userDefined": false
      },
      {
        "text": " con un ",
        "userDefined": false
      },
      {
        "text": "urologo",
        "meta": "@Especialista",
        "alias": "especialista",
        "userDefined": false
      },
      {
        "text": "?",
        "userDefined": false
      }
    ],
    "isTemplate": false,
    "count": 0,
    "lang": "es",
    "updated": 0
  }
]