[
  {
    "id": "5d1b7cba-c9ef-4957-8047-0d1fd33c17e0",
    "data": [
      {
        "text": "Precio",
        "meta": "@Precio",
        "alias": "Precio",
        "userDefined": false
      },
      {
        "text": " ",
        "userDefined": false
      },
      {
        "text": "laboratorio",
        "meta": "@Laboratorio",
        "alias": "laboratorio",
        "userDefined": false
      }
    ],
    "isTemplate": false,
    "count": 0,
    "lang": "es",
    "updated": 0
  },
  {
    "id": "21393309-4963-4b50-b5b2-06a685737df0",
    "data": [
      {
        "text": "Quisiera saber el ",
        "userDefined": false
      },
      {
        "text": "precio",
        "meta": "@Precio",
        "alias": "Precio",
        "userDefined": false
      },
      {
        "text": " de ",
        "userDefined": false
      },
      {
        "text": "un",
        "userDefined": false
      },
      {
        "text": " ",
        "userDefined": false
      },
      {
        "text": "examen",
        "meta": "@Laboratorio",
        "alias": "laboratorio",
        "userDefined": false
      }
    ],
    "isTemplate": false,
    "count": 0,
    "lang": "es",
    "updated": 0
  },
  {
    "id": "44b16616-157f-4dd8-bb76-5d35f493af41",
    "data": [
      {
        "text": "Quisiera saber cuando ",
        "userDefined": false
      },
      {
        "text": "cuesta",
        "meta": "@Precio",
        "alias": "Precio",
        "userDefined": false
      },
      {
        "text": " un ",
        "userDefined": false
      },
      {
        "text": "laboratorio",
        "meta": "@Laboratorio",
        "alias": "laboratorio",
        "userDefined": false
      },
      {
        "text": " de sangre",
        "userDefined": false
      }
    ],
    "isTemplate": false,
    "count": 0,
    "lang": "es",
    "updated": 0
  }
]