[
  {
    "id": "bd61bf4b-a3de-4587-abcf-1c982f04346a",
    "data": [
      {
        "text": "cuales ",
        "userDefined": false
      },
      {
        "text": "son",
        "userDefined": false
      },
      {
        "text": " sus ",
        "userDefined": false
      },
      {
        "text": "horarios",
        "meta": "@Horarios",
        "alias": "Horarios",
        "userDefined": false
      },
      {
        "text": " de atencion?",
        "userDefined": false
      }
    ],
    "isTemplate": false,
    "count": 0,
    "lang": "es",
    "updated": 0
  },
  {
    "id": "8142a385-5627-4345-9454-d3c16f29449d",
    "data": [
      {
        "text": "Quisisera saber los ",
        "userDefined": false
      },
      {
        "text": "horarios",
        "meta": "@Horarios",
        "alias": "Horarios",
        "userDefined": true
      },
      {
        "text": " de atencion del ",
        "userDefined": false
      },
      {
        "text": "hospital",
        "meta": "@Hospital",
        "alias": "Hospital",
        "userDefined": true
      }
    ],
    "isTemplate": false,
    "count": 0,
    "lang": "es",
    "updated": 0
  },
  {
    "id": "0848aa28-ab41-494f-a51d-d687d138f31c",
    "data": [
      {
        "text": "Hasta que ",
        "userDefined": false
      },
      {
        "text": "hora",
        "meta": "@Horarios",
        "alias": "Horarios",
        "userDefined": true
      },
      {
        "text": " atienden en la ",
        "userDefined": false
      },
      {
        "text": "clinica",
        "meta": "@Hospital",
        "alias": "Hospital",
        "userDefined": true
      },
      {
        "text": "?",
        "userDefined": false
      }
    ],
    "isTemplate": false,
    "count": 0,
    "lang": "es",
    "updated": 0
  }
]