[
  {
    "id": "6f233ed6-a195-4996-bfa5-41f5be9ecc11",
    "data": [
      {
        "text": "4 de marzo",
        "meta": "@sys.date",
        "alias": "fecha",
        "userDefined": false
      }
    ],
    "isTemplate": false,
    "count": 0,
    "lang": "es",
    "updated": 0
  },
  {
    "id": "9decd862-b5ff-487b-8011-1943e6b8355a",
    "data": [
      {
        "text": "Me gustaria ",
        "userDefined": false
      },
      {
        "text": "reservar",
        "meta": "@Reserva",
        "alias": "reserva",
        "userDefined": true
      },
      {
        "text": " ",
        "userDefined": false
      },
      {
        "text": "una",
        "userDefined": false
      },
      {
        "text": " ",
        "userDefined": false
      },
      {
        "text": "consulta",
        "meta": "@Reserva",
        "alias": "reserva",
        "userDefined": false
      }
    ],
    "isTemplate": false,
    "count": 0,
    "lang": "es",
    "updated": 0
  },
  {
    "id": "fee0589f-035d-4059-bc5a-7805316b45e9",
    "data": [
      {
        "text": "Si por favor",
        "userDefined": false
      }
    ],
    "isTemplate": false,
    "count": 0,
    "lang": "es",
    "updated": 0
  },
  {
    "id": "6e98a0c7-49f5-405f-8e66-2cbd9190343a",
    "data": [
      {
        "text": "Si",
        "userDefined": false
      }
    ],
    "isTemplate": false,
    "count": 0,
    "lang": "es",
    "updated": 0
  },
  {
    "id": "bc44c474-5c4c-473c-9970-056f1b893ef5",
    "data": [
      {
        "text": "Perfecto",
        "userDefined": false
      },
      {
        "text": ", me",
        "userDefined": false
      },
      {
        "text": " gustaria hacer la ",
        "userDefined": false
      },
      {
        "text": "reserva",
        "meta": "@Reserva",
        "alias": "reserva",
        "userDefined": false
      },
      {
        "text": " ",
        "userDefined": false
      },
      {
        "text": "porfa",
        "userDefined": false
      }
    ],
    "isTemplate": false,
    "count": 0,
    "lang": "es",
    "updated": 0
  },
  {
    "id": "3d1c81db-8f60-440b-a0f7-0c3d9143c679",
    "data": [
      {
        "text": "Esta bien me gustaria ",
        "userDefined": false
      },
      {
        "text": "una",
        "userDefined": false
      },
      {
        "text": " ",
        "userDefined": false
      },
      {
        "text": "reserva",
        "meta": "@Reserva",
        "alias": "reserva",
        "userDefined": false
      }
    ],
    "isTemplate": false,
    "count": 0,
    "lang": "es",
    "updated": 0
  },
  {
    "id": "606a59b9-c6cd-4f3f-bfd1-b246f891dd07",
    "data": [
      {
        "text": "quisiera ",
        "userDefined": false
      },
      {
        "text": "una",
        "userDefined": false
      },
      {
        "text": " ",
        "userDefined": false
      },
      {
        "text": "reserva",
        "meta": "@Reserva",
        "alias": "reserva",
        "userDefined": false
      }
    ],
    "isTemplate": false,
    "count": 0,
    "lang": "es",
    "updated": 0
  },
  {
    "id": "8ac31ba7-e0cd-4e50-933d-6038bc5f5f02",
    "data": [
      {
        "text": "en la ",
        "userDefined": false
      },
      {
        "text": "tarde",
        "meta": "@Turno",
        "alias": "turno",
        "userDefined": false
      },
      {
        "text": " esta bien, ",
        "userDefined": false
      },
      {
        "text": "gracias",
        "userDefined": false
      }
    ],
    "isTemplate": false,
    "count": 0,
    "lang": "es",
    "updated": 0
  },
  {
    "id": "9bed1f51-a364-4f9b-8377-1742996ece96",
    "data": [
      {
        "text": "noche",
        "meta": "@Turno",
        "alias": "turno",
        "userDefined": false
      }
    ],
    "isTemplate": false,
    "count": 0,
    "lang": "es",
    "updated": 0
  },
  {
    "id": "d04d09be-d913-4f71-844d-df42f6d38429",
    "data": [
      {
        "text": "En",
        "userDefined": false
      },
      {
        "text": " el turno ",
        "userDefined": false
      },
      {
        "text": "de",
        "userDefined": false
      },
      {
        "text": " la ",
        "userDefined": false
      },
      {
        "text": "maÑana",
        "meta": "@Turno",
        "alias": "turno",
        "userDefined": false
      }
    ],
    "isTemplate": false,
    "count": 0,
    "lang": "es",
    "updated": 0
  },
  {
    "id": "78b40f21-0686-4154-946b-91b343a80797",
    "data": [
      {
        "text": "para el ",
        "userDefined": false
      },
      {
        "text": "6 de agosto",
        "meta": "@sys.date",
        "alias": "fecha",
        "userDefined": false
      }
    ],
    "isTemplate": false,
    "count": 0,
    "lang": "es",
    "updated": 0
  },
  {
    "id": "2397afe8-4300-4fc9-9d76-ba59bef73da4",
    "data": [
      {
        "text": "para ",
        "userDefined": false
      },
      {
        "text": "hoy",
        "meta": "@sys.date",
        "alias": "fecha",
        "userDefined": false
      }
    ],
    "isTemplate": false,
    "count": 0,
    "lang": "es",
    "updated": 0
  },
  {
    "id": "5d4c7f49-2938-455d-b774-ec8fbf181295",
    "data": [
      {
        "text": "hoy",
        "meta": "@sys.date",
        "alias": "fecha",
        "userDefined": false
      }
    ],
    "isTemplate": false,
    "count": 0,
    "lang": "es",
    "updated": 0
  },
  {
    "id": "024a1d5f-f299-403b-a140-d61a2c38579e",
    "data": [
      {
        "text": "Quisiera agendar una ",
        "userDefined": false
      },
      {
        "text": "cita",
        "meta": "@Reserva",
        "alias": "reserva",
        "userDefined": false
      },
      {
        "text": " con el ",
        "userDefined": false
      },
      {
        "text": "cardiologo",
        "meta": "@Especialista",
        "alias": "especialista",
        "userDefined": false
      },
      {
        "text": " para ",
        "userDefined": false
      },
      {
        "text": "maÑana",
        "meta": "@sys.date",
        "alias": "fecha",
        "userDefined": false
      }
    ],
    "isTemplate": false,
    "count": 0,
    "lang": "es",
    "updated": 0
  },
  {
    "id": "64e675ac-d205-47da-bc2d-e7e243f3ca49",
    "data": [
      {
        "text": "quiero ",
        "userDefined": false
      },
      {
        "text": "agendar",
        "meta": "@Reserva",
        "alias": "reserva",
        "userDefined": true
      },
      {
        "text": " una ",
        "userDefined": false
      },
      {
        "text": "cita",
        "meta": "@Reserva",
        "alias": "reserva",
        "userDefined": false
      },
      {
        "text": " con un ",
        "userDefined": false
      },
      {
        "text": "medico",
        "meta": "@Medico",
        "alias": "medico",
        "userDefined": false
      }
    ],
    "isTemplate": false,
    "count": 1,
    "lang": "es",
    "updated": 0
  },
  {
    "id": "04dcf40d-5be0-44c2-9edf-b1bb212f11dd",
    "data": [
      {
        "text": "Quiero reservar una ",
        "userDefined": false
      },
      {
        "text": "consulta",
        "meta": "@Reserva",
        "alias": "reserva",
        "userDefined": false
      },
      {
        "text": " con un ",
        "userDefined": false
      },
      {
        "text": "cardiologo",
        "meta": "@Especialista",
        "alias": "especialista",
        "userDefined": false
      }
    ],
    "isTemplate": false,
    "count": 0,
    "lang": "es",
    "updated": 0
  },
  {
    "id": "a16439da-9a34-4647-91df-19d2ffe7db37",
    "data": [
      {
        "text": "Quiero hacer una ",
        "userDefined": false
      },
      {
        "text": "reserva",
        "meta": "@Reserva",
        "alias": "reserva",
        "userDefined": true
      }
    ],
    "isTemplate": false,
    "count": 0,
    "lang": "es",
    "updated": 0
  }
]