[
  {
    "id": "a328a7f8-4f44-4731-86ed-5ca2f675213f",
    "data": [
      {
        "text": "Carlos",
        "meta": "@sys.given-name",
        "alias": "nombre",
        "userDefined": false
      },
      {
        "text": ", ese ",
        "userDefined": false
      },
      {
        "text": "es",
        "userDefined": false
      },
      {
        "text": " ",
        "userDefined": false
      },
      {
        "text": "mi",
        "userDefined": false
      },
      {
        "text": " nombre",
        "userDefined": false
      }
    ],
    "isTemplate": false,
    "count": 0,
    "lang": "es",
    "updated": 0
  },
  {
    "id": "88bfbdd8-2dfb-4afb-9744-cde4ce88f0a1",
    "data": [
      {
        "text": "Eduardo Condarco",
        "meta": "@sys.given-name",
        "alias": "nombre",
        "userDefined": true
      }
    ],
    "isTemplate": false,
    "count": 0,
    "lang": "es",
    "updated": 0
  },
  {
    "id": "471a70db-47d7-4b9d-8215-5c182f524254",
    "data": [
      {
        "text": "claro",
        "userDefined": false
      },
      {
        "text": ", me llamo ",
        "userDefined": false
      },
      {
        "text": "khaled",
        "meta": "@sys.given-name",
        "alias": "nombre",
        "userDefined": false
      }
    ],
    "isTemplate": false,
    "count": 0,
    "lang": "es",
    "updated": 0
  },
  {
    "id": "24ee4412-c7c0-49f8-862d-31a80de3bf5c",
    "data": [
      {
        "text": "juan",
        "meta": "@sys.given-name",
        "alias": "nombre",
        "userDefined": false
      }
    ],
    "isTemplate": false,
    "count": 0,
    "lang": "es",
    "updated": 0
  },
  {
    "id": "1eba331a-4885-47cc-a72f-5da49f7c6d28",
    "data": [
      {
        "text": "mi",
        "userDefined": false
      },
      {
        "text": " nombre ",
        "userDefined": false
      },
      {
        "text": "es",
        "userDefined": false
      },
      {
        "text": " ",
        "userDefined": false
      },
      {
        "text": "carlos",
        "meta": "@sys.given-name",
        "alias": "nombre",
        "userDefined": false
      }
    ],
    "isTemplate": false,
    "count": 0,
    "lang": "es",
    "updated": 0
  }
]