[
  {
    "id": "03564441-25bf-4d8c-a67b-9c5a1abfca31",
    "data": [
      {
        "text": "m",
        "userDefined": false
      },
      {
        "text": " numero ",
        "userDefined": false
      },
      {
        "text": "es",
        "userDefined": false
      },
      {
        "text": " el ",
        "userDefined": false
      },
      {
        "text": "71657576",
        "meta": "@sys.phone-number",
        "alias": "telefono",
        "userDefined": false
      },
      {
        "text": " ",
        "userDefined": false
      },
      {
        "text": "es",
        "userDefined": false
      },
      {
        "text": " ese",
        "userDefined": false
      }
    ],
    "isTemplate": false,
    "count": 0,
    "lang": "es",
    "updated": 0
  },
  {
    "id": "c842b7fd-cac9-4973-b59e-dac1e2ee86c6",
    "data": [
      {
        "text": "71657576",
        "meta": "@sys.phone-number",
        "alias": "telefono",
        "userDefined": false
      },
      {
        "text": " ",
        "userDefined": false
      },
      {
        "text": "es",
        "userDefined": false
      },
      {
        "text": " ese",
        "userDefined": false
      }
    ],
    "isTemplate": false,
    "count": 0,
    "lang": "es",
    "updated": 0
  },
  {
    "id": "09c6f2ee-c271-43ff-b21e-76da1167b405",
    "data": [
      {
        "text": "claro",
        "userDefined": false
      },
      {
        "text": ", ",
        "userDefined": false
      },
      {
        "text": "mi",
        "userDefined": false
      },
      {
        "text": " numero ",
        "userDefined": false
      },
      {
        "text": "es",
        "userDefined": false
      },
      {
        "text": " el ",
        "userDefined": false
      },
      {
        "text": "71657576",
        "meta": "@sys.phone-number",
        "alias": "telefono",
        "userDefined": false
      }
    ],
    "isTemplate": false,
    "count": 0,
    "lang": "es",
    "updated": 0
  },
  {
    "id": "971b2c16-836d-408e-969a-4c419a48f8eb",
    "data": [
      {
        "text": "es",
        "userDefined": false
      },
      {
        "text": " el ",
        "userDefined": false
      },
      {
        "text": "71657576",
        "meta": "@sys.phone-number",
        "alias": "telefono",
        "userDefined": false
      }
    ],
    "isTemplate": false,
    "count": 0,
    "lang": "es",
    "updated": 0
  },
  {
    "id": "4c662de3-307b-4ef0-a9ed-b9cc3b2ae818",
    "data": [
      {
        "text": "71657576",
        "meta": "@sys.phone-number",
        "alias": "telefono",
        "userDefined": false
      }
    ],
    "isTemplate": false,
    "count": 0,
    "lang": "es",
    "updated": 0
  }
]