[
  {
    "value": "Cardiologia",
    "synonyms": [
      "Cardiologia",
      "cardiologo",
      "cardiologa"
    ]
  },
  {
    "value": "Neurocirugía",
    "synonyms": [
      "Neurocirugia",
      "neurologo",
      "neurologa"
    ]
  },
  {
    "value": "Endocrinologia",
    "synonyms": [
      "Endocrinologia",
      "endocrinologo",
      "endocrinologa"
    ]
  },
  {
    "value": "Medicina laboral",
    "synonyms": [
      "Medicina laboral"
    ]
  },
  {
    "value": "Gastroenterología",
    "synonyms": [
      "Gastroenterologia",
      "gastroenterologo",
      "gastroenterologa"
    ]
  },
  {
    "value": "Ginecologia",
    "synonyms": [
      "Ginecologia",
      "ginecologo",
      "ginecologa"
    ]
  },
  {
    "value": "Hematología",
    "synonyms": [
      "Hematología",
      "hematologo",
      "hematologa"
    ]
  },
  {
    "value": "Oncología",
    "synonyms": [
      "Oncología",
      "oncologo",
      "oncologa"
    ]
  },
  {
    "value": "Urología",
    "synonyms": [
      "Urología",
      "urologo",
      "urologa"
    ]
  },
  {
    "value": "Geriatría",
    "synonyms": [
      "Geriatría",
      "geriatra"
    ]
  },
  {
    "value": "Dermatologia",
    "synonyms": [
      "Dermatologia",
      "dermatologo",
      "dermatologa"
    ]
  },
  {
    "value": "Pediatria",
    "synonyms": [
      "Pediatria",
      "pediatra"
    ]
  },
  {
    "value": "Psiquiatria",
    "synonyms": [
      "Psiquiatria",
      "psiquiatrico",
      "psiquiatra"
    ]
  },
  {
    "value": "Infectologia",
    "synonyms": [
      "Infectologia",
      "infectologo",
      "infectologa"
    ]
  },
  {
    "value": "Nefrologia",
    "synonyms": [
      "Nefrologia",
      "nefrologo",
      "nefrologa"
    ]
  },
  {
    "value": "Oftalmologia",
    "synonyms": [
      "Oftalmologia",
      "oftalmologo",
      "oftalmologa"
    ]
  },
  {
    "value": "Neumologia",
    "synonyms": [
      "Neumologia",
      "neumologo",
      "neumologa"
    ]
  },
  {
    "value": "Medicina interna",
    "synonyms": [
      "Medicina interna",
      "Covid",
      "Coronavirus",
      "Covid 19",
      "Covid-19"
    ]
  }
]