[
  {
    "value": "Fiebre",
    "synonyms": [
      "Fiebre"
    ]
  },
  {
    "value": "Tos",
    "synonyms": [
      "Tos",
      "Tos seca",
      "tociendo",
      "tocido",
      "tosido"
    ]
  },
  {
    "value": "Cansancio",
    "synonyms": [
      "Cansancio",
      "cansado",
      "cansada"
    ]
  },
  {
    "value": "Dificultad para respirar",
    "synonyms": [
      "Dificulta para respirar",
      "problemas de respiracion",
      "problemas para respirar",
      "problema respirar",
      "respiracion mala",
      "mala respiracion",
      "dolor al respirar"
    ]
  },
  {
    "value": "Dolor en el pecho",
    "synonyms": [
      "Dolor en el pecho",
      "me duele el pecho",
      "pecho me duele",
      "mucho dolor en el pecho"
    ]
  },
  {
    "value": "Incapacitacion de moverse",
    "synonyms": [
      "Incapacitacion de moverse",
      "apenas puedo moverme",
      "me duele al moverme",
      "tengo dolor cuando me muevo"
    ]
  }
]